{
  "0.0": {
    "quality": {
      "val": 3.5073651035626727,
      "freqCE": 2.0838663895924885,
      "rareCE": 5.860772077242533
    },
    "health": {
      "1": {
        "outlier_ratio": 2.8735411167144775,
        "part_ratio": 0.005659656133502722,
        "off_corr": 0.4519534111022949
      },
      "2": {
        "outlier_ratio": 2.343263864517212,
        "part_ratio": 0.014526150189340115,
        "off_corr": 0.2921622097492218
      },
      "3": {
        "outlier_ratio": 2.5298047065734863,
        "part_ratio": 0.021441668272018433,
        "off_corr": 0.24531510472297668
      },
      "4": {
        "outlier_ratio": 2.205070972442627,
        "part_ratio": 0.03507907688617706,
        "off_corr": 0.19120125472545624
      }
    },
    "alive": 0.019176637870259583,
    "outlier": 2.4879201650619507,
    "offcorr": 0.2951579950749874
  },
  "0.05": {
    "quality": {
      "val": 3.070718264579773,
      "freqCE": 1.7307303865750632,
      "rareCE": 5.286127495765686
    },
    "health": {
      "1": {
        "outlier_ratio": 1.2032089233398438,
        "part_ratio": 0.035171061754226685,
        "off_corr": 0.21784748136997223
      },
      "2": {
        "outlier_ratio": 1.91524076461792,
        "part_ratio": 0.039085596799850464,
        "off_corr": 0.20235612988471985
      },
      "3": {
        "outlier_ratio": 1.7217110395431519,
        "part_ratio": 0.04669427499175072,
        "off_corr": 0.182700976729393
      },
      "4": {
        "outlier_ratio": 1.3288800716400146,
        "part_ratio": 0.087192103266716,
        "off_corr": 0.1315656304359436
      }
    },
    "alive": 0.05203575920313597,
    "outlier": 1.5422601997852325,
    "offcorr": 0.18361755460500717
  },
  "0.2": {
    "quality": {
      "val": 2.9544617613156636,
      "freqCE": 1.6449172059694925,
      "rareCE": 5.119545149803161
    },
    "health": {
      "1": {
        "outlier_ratio": 1.0624793767929077,
        "part_ratio": 0.09754572808742523,
        "off_corr": 0.12527590990066528
      },
      "2": {
        "outlier_ratio": 1.11375093460083,
        "part_ratio": 0.07807360589504242,
        "off_corr": 0.14097903668880463
      },
      "3": {
        "outlier_ratio": 1.0732449293136597,
        "part_ratio": 0.09273819625377655,
        "off_corr": 0.12779775261878967
      },
      "4": {
        "outlier_ratio": 1.060475468635559,
        "part_ratio": 0.11938536167144775,
        "off_corr": 0.1110372543334961
      }
    },
    "alive": 0.09693572297692299,
    "outlier": 1.0774876773357391,
    "offcorr": 0.12627248838543892
  },
  "0.6": {
    "quality": {
      "val": 2.830121902624766,
      "freqCE": 1.567881816625595,
      "rareCE": 4.917010680834452
    },
    "health": {
      "1": {
        "outlier_ratio": 1.0324959754943848,
        "part_ratio": 0.14710162580013275,
        "off_corr": 0.09917717427015305
      },
      "2": {
        "outlier_ratio": 1.0288097858428955,
        "part_ratio": 0.14700853824615479,
        "off_corr": 0.09819455444812775
      },
      "3": {
        "outlier_ratio": 1.0376827716827393,
        "part_ratio": 0.15236151218414307,
        "off_corr": 0.096246138215065
      },
      "4": {
        "outlier_ratio": 1.042096734046936,
        "part_ratio": 0.18194788694381714,
        "off_corr": 0.08680486679077148
      }
    },
    "alive": 0.15710489079356194,
    "outlier": 1.035271316766739,
    "offcorr": 0.09510568343102932
  },
  "1.5": {
    "quality": {
      "val": 2.80961301724116,
      "freqCE": 1.5501430749893188,
      "rareCE": 4.891967256863912
    },
    "health": {
      "1": {
        "outlier_ratio": 1.0170866250991821,
        "part_ratio": 0.25129568576812744,
        "off_corr": 0.070595882833004
      },
      "2": {
        "outlier_ratio": 1.0224519968032837,
        "part_ratio": 0.20919254422187805,
        "off_corr": 0.07907907664775848
      },
      "3": {
        "outlier_ratio": 1.0345008373260498,
        "part_ratio": 0.2086099088191986,
        "off_corr": 0.07934552431106567
      },
      "4": {
        "outlier_ratio": 1.060289740562439,
        "part_ratio": 0.22444996237754822,
        "off_corr": 0.07580262422561646
      }
    },
    "alive": 0.22338702529668808,
    "outlier": 1.0335822999477386,
    "offcorr": 0.07620577700436115
  },
  "4.0": {
    "quality": {
      "val": 2.818791433175405,
      "freqCE": 1.555060903231303,
      "rareCE": 4.908248202006022
    },
    "health": {
      "1": {
        "outlier_ratio": 1.0166915655136108,
        "part_ratio": 0.36182349920272827,
        "off_corr": 0.05397477746009827
      },
      "2": {
        "outlier_ratio": 1.0188947916030884,
        "part_ratio": 0.3273038864135742,
        "off_corr": 0.05832881107926369
      },
      "3": {
        "outlier_ratio": 1.0273977518081665,
        "part_ratio": 0.3146948516368866,
        "off_corr": 0.06008903682231903
      },
      "4": {
        "outlier_ratio": 1.0330157279968262,
        "part_ratio": 0.30121946334838867,
        "off_corr": 0.06194696202874184
      }
    },
    "alive": 0.32626042515039444,
    "outlier": 1.023999959230423,
    "offcorr": 0.058584896847605705
  }
}