{
  "none": {
    "val": 2.771668428182602,
    "freqCE": 1.5561130791902542,
    "rareCE": 4.780819541215896
  },
  "last (bias+iso)": {
    "val": 2.29608933031559,
    "freqCE": 1.2885677590966225,
    "rareCE": 3.96112545132637
  },
  "mid (whiten)": {
    "val": 2.2914151668548586,
    "freqCE": 1.2890153899788857,
    "rareCE": 3.9480785489082337
  },
  "both": {
    "val": 2.2777912855148315,
    "freqCE": 1.278799632191658,
    "rareCE": 3.928738981485367
  }
}