{
  "0.0": {
    "val": 3.447229743003845,
    "causal_pr": 6.825391247681443,
    "var_pr": 9.203595161437988
  },
  "0.2": {
    "val": 2.9206042885780334,
    "causal_pr": 11.215483912793923,
    "var_pr": 35.83110046386719
  },
  "0.6": {
    "val": 2.809842586517334,
    "causal_pr": 15.1125641003723,
    "var_pr": 58.8332633972168
  },
  "1.5": {
    "val": 2.794528901576996,
    "causal_pr": 13.858941671886766,
    "var_pr": 81.00013732910156
  },
  "4.0": {
    "val": 2.7995330691337585,
    "causal_pr": 17.129967748348037,
    "var_pr": 120.34873962402344
  },
  "10.0": {
    "val": 2.9230512380599976,
    "causal_pr": 13.240661880194226,
    "var_pr": 176.13986206054688
  }
}