{
  "none": {
    "quality": {
      "val": 3.567534248034159,
      "freqCE": 2.1290989319483438,
      "rareCE": 5.945622666676839
    },
    "health": {
      "1": {
        "outlier_ratio": 3.040653944015503,
        "part_ratio": 0.005409812554717064,
        "off_corr": 0.4419879913330078
      },
      "2": {
        "outlier_ratio": 2.5319669246673584,
        "part_ratio": 0.013311557471752167,
        "off_corr": 0.30011653900146484
      },
      "3": {
        "outlier_ratio": 3.0350654125213623,
        "part_ratio": 0.02432004176080227,
        "off_corr": 0.23616637289524078
      },
      "4": {
        "outlier_ratio": 3.7867729663848877,
        "part_ratio": 0.02704988420009613,
        "off_corr": 0.20692725479602814
      }
    }
  },
  "decorr": {
    "quality": {
      "val": 3.1922953446706135,
      "freqCE": 1.8195089062054952,
      "rareCE": 5.461914936701457
    },
    "health": {
      "1": {
        "outlier_ratio": 4.224556922912598,
        "part_ratio": 0.012451915070414543,
        "off_corr": 0.2022288590669632
      },
      "2": {
        "outlier_ratio": 3.1613149642944336,
        "part_ratio": 0.02107141725718975,
        "off_corr": 0.19895146787166595
      },
      "3": {
        "outlier_ratio": 2.695830821990967,
        "part_ratio": 0.03130774945020676,
        "off_corr": 0.17613093554973602
      },
      "4": {
        "outlier_ratio": 1.8676061630249023,
        "part_ratio": 0.07476776838302612,
        "off_corr": 0.1299690455198288
      }
    }
  },
  "equalize": {
    "quality": {
      "val": 3.448828132947286,
      "freqCE": 2.0330128908157348,
      "rareCE": 5.789583118756612
    },
    "health": {
      "1": {
        "outlier_ratio": 1.2031114101409912,
        "part_ratio": 0.008028136566281319,
        "off_corr": 0.5090503096580505
      },
      "2": {
        "outlier_ratio": 1.122942328453064,
        "part_ratio": 0.01310862135142088,
        "off_corr": 0.38597339391708374
      },
      "3": {
        "outlier_ratio": 1.413299798965454,
        "part_ratio": 0.025249816477298737,
        "off_corr": 0.262582927942276
      },
      "4": {
        "outlier_ratio": 1.5261375904083252,
        "part_ratio": 0.042099397629499435,
        "off_corr": 0.193191796541214
      }
    }
  },
  "white": {
    "quality": {
      "val": 3.0651513655980427,
      "freqCE": 1.7233112335205079,
      "rareCE": 5.28360735575358
    },
    "health": {
      "1": {
        "outlier_ratio": 1.1931747198104858,
        "part_ratio": 0.03531816229224205,
        "off_corr": 0.2171667516231537
      },
      "2": {
        "outlier_ratio": 1.5175304412841797,
        "part_ratio": 0.04105185717344284,
        "off_corr": 0.19798390567302704
      },
      "3": {
        "outlier_ratio": 1.4253519773483276,
        "part_ratio": 0.051940277218818665,
        "off_corr": 0.1719588041305542
      },
      "4": {
        "outlier_ratio": 1.3317155838012695,
        "part_ratio": 0.08434956520795822,
        "off_corr": 0.13277432322502136
      }
    }
  },
  "iso": {
    "quality": {
      "val": 3.2544729630152385,
      "freqCE": 1.8721335450808207,
      "rareCE": 5.539907876650492
    },
    "health": {
      "1": {
        "outlier_ratio": 4.788661003112793,
        "part_ratio": 0.01113676093518734,
        "off_corr": 0.2097616195678711
      },
      "2": {
        "outlier_ratio": 3.5604541301727295,
        "part_ratio": 0.022600650787353516,
        "off_corr": 0.19118855893611908
      },
      "3": {
        "outlier_ratio": 3.597372531890869,
        "part_ratio": 0.029306549578905106,
        "off_corr": 0.17834258079528809
      },
      "4": {
        "outlier_ratio": 3.2232613563537598,
        "part_ratio": 0.06373445689678192,
        "off_corr": 0.13506516814231873
      }
    }
  }
}