{
  "GPT": {
    "val": 2.402187792460124,
    "ppl": 11.047319202926227,
    "freqCE": 1.354961383342743,
    "rareCE": 4.133300828933716
  },
  "DeHedgeGPT": {
    "val": 2.1651578625043233,
    "ppl": 8.715977734326154,
    "freqCE": 1.231582905848821,
    "rareCE": 3.7082782705624897
  },
  "delta": {
    "val": -0.23702992995580052,
    "freqCE": -0.12337847749392195,
    "rareCE": -0.42502255837122593
  }
}